Plant_ID,Dataset,Sequencing_Type,Accession_Type,Reads_length_bp,BioSample,SRA,Bioproject,Run,Experiment,SRA_Accession,Additional_Notes,DOI,Block,Submission_status
100-HS8,ipk,exome capture,landrace,100,SAMEA3231791,ERP009079,PRJEB8044,ERR753347,ERX697029,ERS653013,,https://doi.org/10.1038/ng.3612,,IPK Submitted
26_PI_599621,nam,exome capture,elite,125,SAMN11029393,SRP187232,PRJNA524166,SRR8651119,SRX5448884,SRS4425718,duplicate,https://doi.org/10.1534/genetics.119.302046,,ML Submitted
6B01-2218,gp,exome capture,elite,100,SAMN07525061,SRP119611,PRJNA399170,SRR6150395,SRX3262419,SRS2575346,,https://doi.org/10.1534/genetics.119.302733,,ML Submitted
6B03-4304,gp,exome capture,elite,100,SAMN07525062,SRP119611,PRJNA399170,SRR6150396,SRX3262418,SRS2575345,,https://doi.org/10.1534/genetics.119.302733,,ML Submitted
6B03-4478,gp,exome capture,elite,100,SAMN07525063,SRP119611,PRJNA399170,SRR6150402,SRX3262412,SRS2575339,,https://doi.org/10.1534/genetics.119.302733,,ML Submitted
6B04-0290,gp,exome capture,elite,100,SAMN07525064,SRP119611,PRJNA399170,SRR6150405,SRX3262409,SRS2575337,,https://doi.org/10.1534/genetics.119.302733,,ML Submitted
6B05-0922,gp,exome capture,elite,100,SAMN07525065,SRP119611,PRJNA399170,SRR6150408,SRX3262406,SRS2575333,,https://doi.org/10.1534/genetics.119.302733,,ML Submitted
6B06-1132,gp,exome capture,elite,100,SAMN07525066,SRP119611,PRJNA399170,SRR6150401,SRX3262413,SRS2575340,,https://doi.org/10.1534/genetics.119.302733,,ML Submitted
93-HS1,ipk,exome capture,landrace,100,SAMEA3231796,ERP009079,PRJEB8044,ERR753340,ERX697022,ERS653018,,https://doi.org/10.1038/ng.3612,,IPK Submitted
94-HS2,ipk,exome capture,landrace,100,SAMEA3231797,ERP009079,PRJEB8044,ERR753345,ERX697027,ERS653019,,https://doi.org/10.1038/ng.3612,,IPK Submitted
95-HS3,ipk,exome capture,landrace,100,SAMEA3231798,ERP009079,PRJEB8044,ERR753346,ERX697028,ERS653020,,https://doi.org/10.1038/ng.3612,,IPK Submitted
B1K-03-07-1,inv/ipk,exome capture,wild,100,SAMEA2071607,"ERP002487	",PRJEB1810,ERR271735,ERX245962,ERS243329,,https://doi.org/10.1111/tpj.12294,,IPK Submitted
Barke_jhi00,mbe,exome capture,elite,100,SAMEA2070213,ERP002487,PRJEB1810,ERR271697,ERX245924,ERS243309,,https://doi.org/10.1111/tpj.12294,,IPK Submitted
BCC003,ipk,exome capture,landrace,100,SAMEA3231799,ERP009079,PRJEB8044,ERR753221,ERX696903,ERS653021,,https://doi.org/10.1038/ng.3612,,IPK Submitted
BCC103,ipk,exome capture,landrace,100,SAMEA3231800,ERP009079,PRJEB8044,ERR753262,ERX696944,ERS653022,,https://doi.org/10.1038/ng.3612,,IPK Submitted
BCC105,ipk,exome capture,landrace,100,SAMEA3231801,ERP009079,PRJEB8044,ERR753263,ERX696945,ERS653023,,https://doi.org/10.1038/ng.3612,,IPK Submitted
BCC107,ipk,exome capture,landrace,100,SAMEA3231802,ERP009079,PRJEB8044,ERR753261,ERX696943,ERS653024,,https://doi.org/10.1038/ng.3612,,IPK Submitted
BCC108,ipk,exome capture,landrace,100,SAMEA3231803,ERP009079,PRJEB8044,ERR753322,ERX697004,ERS653025,,https://doi.org/10.1038/ng.3612,,IPK Submitted
BCC110,ipk,exome capture,landrace,100,SAMEA3231804,ERP009079,PRJEB8044,ERR753242,ERX696924,ERS653026,,https://doi.org/10.1038/ng.3612,,IPK Submitted
BCC126,ipk,exome capture,landrace,100,SAMEA3231805,ERP009079,PRJEB8044,ERR753220,ERX696902,ERS653027,,https://doi.org/10.1038/ng.3612,,IPK Submitted
BCC131,ipk,exome capture,landrace,100,SAMEA3231806,ERP009079,PRJEB8044,ERR753220,ERX696891,ERS653028,,https://doi.org/10.1038/ng.3612,,IPK Submitted
BCC1481,ipk,exome capture,landrace,100,SAMEA3231807,ERP009079,PRJEB8044,ERR753209,ERX696887,ERS653029,,https://doi.org/10.1038/ng.3612,,IPK Submitted
BCC1487,ipk,exome capture,landrace,100,SAMEA3231808,ERP009079,PRJEB8044,ERR753211,ERX696893,ERS653030,,https://doi.org/10.1038/ng.3612,,IPK Submitted
BCC1488,ipk,exome capture,landrace,100,SAMEA3231809,ERP009079,PRJEB8044,ERR753211,ERX696908,ERS653031,,https://doi.org/10.1038/ng.3612,,IPK Submitted
BCC1494,ipk,exome capture,landrace,100,SAMEA3231810,ERP009079,PRJEB8044,ERR753228,ERX696910,ERS653032,,https://doi.org/10.1038/ng.3612,,IPK Submitted
BCC1503,ipk,exome capture,landrace,100,SAMEA3231811,ERP009079,PRJEB8044,ERR753227,ERX696909,ERS653033,,https://doi.org/10.1038/ng.3612,,IPK Submitted
BCC1589,ipk,exome capture,landrace,100,SAMEA3231812,ERP009079,PRJEB8044,ERR753231,ERX696913,ERS653034,,https://doi.org/10.1038/ng.3612,,IPK Submitted
BCC167,ipk,exome capture,landrace,100,SAMEA3231813,ERP009079,PRJEB8044,ERR753222,ERX696904,ERS653035,,https://doi.org/10.1038/ng.3612,,IPK Submitted
BCC168,ipk,exome capture,landrace,100,SAMEA3231814,ERP009079,PRJEB8044,ERR753243,ERX696925,ERS653036,,https://doi.org/10.1038/ng.3612,,IPK Submitted
BCC169,ipk,exome capture,landrace,100,SAMEA3231815,ERP009079,PRJEB8044,ERR753309,ERX696991,ERS653037,,https://doi.org/10.1038/ng.3612,,IPK Submitted
BCC182,ipk,exome capture,landrace,100,SAMEA3231816,ERP009079,PRJEB8044,ERR753223,ERX696905,ERS653038,,https://doi.org/10.1038/ng.3612,,IPK Submitted
BCC185,ipk,exome capture,landrace,100,SAMEA3231817,ERP009079,PRJEB8044,ERR753092,ERX696774,ERS653039,,https://doi.org/10.1038/ng.3612,,IPK Submitted
BCC190,ipk,exome capture,landrace,100,SAMEA3231818,ERP009079,PRJEB8044,ERR753206,ERX696888,ERS653040,,https://doi.org/10.1038/ng.3612,,IPK Submitted
BCC192,ipk,exome capture,landrace,100,SAMEA3231819,ERP009079,PRJEB8044,ERR753210,ERX696892,ERS653041,,https://doi.org/10.1038/ng.3612,,IPK Submitted
BCC195,ipk,exome capture,landrace,100,SAMEA3231820,ERP009079,PRJEB8044,ERR753212,ERX696894,ERS653042,,https://doi.org/10.1038/ng.3612,,IPK Submitted
BCC197,ipk,exome capture,landrace,100,SAMEA3231821,ERP009079,PRJEB8044,ERR753224,ERX696906,ERS653043,,https://doi.org/10.1038/ng.3612,,IPK Submitted
BCC21,ipk,exome capture,landrace,100,SAMEA3231822,ERP009079,PRJEB8044,ERR753258,ERX696940,ERS653044,,https://doi.org/10.1038/ng.3612,,IPK Submitted
BCC42,ipk,exome capture,landrace,100,SAMEA3231823,ERP009079,PRJEB8044,ERR753256,ERX696938,ERS653045,,https://doi.org/10.1038/ng.3612,,IPK Submitted
BCC51,ipk,exome capture,landrace,100,SAMEA3231824,ERP009079,PRJEB8044,ERR753260,ERX696942,ERS653046,,https://doi.org/10.1038/ng.3612,,IPK Submitted
BCC54,ipk,exome capture,landrace,100,SAMEA3231825,ERP009079,PRJEB8044,ERR753318,ERX697000,ERS653047,,https://doi.org/10.1038/ng.3612,,IPK Submitted
BCC761,ipk,exome capture,landrace,100,SAMEA3231826,ERP009079,PRJEB8044,ERR753225,ERX696907,ERS653048,,https://doi.org/10.1038/ng.3612,,IPK Submitted
Bonus,mbe,exome capture,elite,100,SAMEA1967443,ERP002487,PRJEB1810,ERR271721,ERX245948,ERS243313,,https://doi.org/10.1111/tpj.12294,,IPK Submitted
Borwina,mbe,exome capture,elite,100,SAMEA2071592,ERP002487,PRJEB1810,ERR271722,ERX245949,ERS243314,,https://doi.org/10.1111/tpj.12294,,IPK Submitted
Bowman,mbe,exome capture,elite,100,SAMEA2071589,ERP002487,PRJEB1810,ERR271716,ERX245943,ERS243310,,https://doi.org/10.1111/tpj.12294,,IPK Submitted
CIho_05989,nam,exome capture,elite,125,SAMN11029319,SRP187232,PRJNA524166,SRR8651117,SRX5448886,SRS4425720,,https://doi.org/10.1534/genetics.119.302046,,ML Submitted
CIho_13743,nam/env,exome capture,landrace,100,SAMN11029320,SRP187232,PRJNA524166,SRR8651116,SRX5448887,SRS3777768,,https://doi.org/10.1534/genetics.119.302046,,ML Submitted
CIho_14052,nam/env,exome capture,landrace,100,SAMN11029321,SRP187232,PRJNA524166,SRR8651115,SRX5448888,SRS4425722,,https://doi.org/10.1534/genetics.119.302046,,ML Submitted
CIho_14216,nam/env,exome capture,landrace,100,SAMN11029322,SRP187232,PRJNA524166,SRR8651114,SRX5448889,SRS4425723,,https://doi.org/10.1534/genetics.119.302046,,ML Submitted
CIho_14228,nam/env,exome capture,landrace,100,SAMN11029323,SRP187232,PRJNA524166,SRR8651113,SRX5448890,SRS4425724,,https://doi.org/10.1534/genetics.119.302046,,ML Submitted
CIho_14319,nam,exome capture,elite,100,SAMN11029324,SRP187232,PRJNA524166,SRR8651112,SRX5448891,SRS4425725,,https://doi.org/10.1534/genetics.119.302046,,ML Submitted
CIho_14394,nam/env,exome capture,landrace,100,SAMN09283179,SRP149740,PRJNA473780,SRR7261712,SRX4165977,SRS3378337,,https://doi.org/10.1534/g3.119.400401,,ML Submitted
CIho_14752,nam,exome capture,elite,125,SAMN11029325,SRP187232,PRJNA524166,SRR8651111,SRX5448892,SRS4425726,,https://doi.org/10.1534/genetics.119.302046,,ML Submitted
CIho_14881,nam/env,exome capture,landrace,100,SAMN11029326,SRP187232,PRJNA524166,SRR8651110,SRX5448893,SRS4425727,,https://doi.org/10.1534/genetics.119.302046,,ML Submitted
CIho_15349,nam/env,exome capture,landrace,100,SAMN11029327,SRP187232,PRJNA524166,SRR8651120,SRX5448883,SRS4425717,,https://doi.org/10.1534/genetics.119.302046,,ML Submitted
CIho_15362,nam/env,exome capture,landrace,100,SAMN11029328,SRP187232,PRJNA524166,SRR8651153,SRX5448850,SRS4425684,,https://doi.org/10.1534/genetics.119.302046,,ML Submitted
CIho_15600,nam,exome capture,elite,100,SAMN11029329,SRP187232,PRJNA524166,SRR8651134,SRX5448869,SRS4425703,,https://doi.org/10.1534/genetics.119.302046,,ML Submitted
FEG141-20,gp,exome capture,elite,100,SAMN07525067,SRP119611,PRJNA399170,SRR6150406,SRX3262408,SRS2575335,,https://doi.org/10.1534/genetics.119.302733,,ML Submitted
FEG154-47,gp,exome capture,elite,100,SAMN07525069,SRP119611,PRJNA399170,SRR6150403,SRX3262411,SRS2575338,,https://doi.org/10.1534/genetics.119.302733,,ML Submitted
FEG183-52,gp,exome capture,elite,100,SAMN07525071,SRP119611,PRJNA399170,SRR6150391,SRX3262423,SRS2575350,,https://doi.org/10.1534/genetics.119.302733,,ML Submitted
Foma,mbe,exome capture,elite,100,SAMEA2071593,ERP002487,PRJEB1810,ERR271723,ERX245950,ERS243315,,https://doi.org/10.1111/tpj.12294,,IPK Submitted
FT011,inv/ipk,exome capture,wild,100,SAMEA3232978,ERP009079,PRJEB8044,ERR753094,ERX696776,ERS654171,,https://doi.org/10.1038/ng.3612,,IPK Submitted
FT018,inv/ipk,exome capture,wild,100,SAMEA3231835,ERP009079,PRJEB8044,ERR753330,ERX697012,ERS653057,,https://doi.org/10.1038/ng.3612,,IPK Submitted
FT031,inv/ipk,exome capture,wild,100,SAMEA3232979,ERP009079,PRJEB8044,ERR753095,ERX696777,ERS654172,,https://doi.org/10.1038/ng.3612,,IPK Submitted
FT037,inv/ipk,exome capture,wild,100,SAMEA3231828,ERP009079,PRJEB8044,ERR753145,ERX696827,ERS653050,,https://doi.org/10.1038/ng.3612,,IPK Submitted
FT042,inv/ipk,exome capture,wild,100,SAMEA3232980,ERP009079,PRJEB8044,ERR753096,ERX696778,ERS654173,,https://doi.org/10.1038/ng.3612,,IPK Submitted
FT045,inv/ipk,exome capture,wild,100,SAMEA3231829,ERP009079,PRJEB8044,ERR753146,ERX696828,ERS653051,,https://doi.org/10.1038/ng.3612,,IPK Submitted
FT056,inv/ipk,exome capture,wild,100,SAMEA3231879,ERP009079,PRJEB8044,ERR753329,ERX697011,ERS653101,,https://doi.org/10.1038/ng.3612,,IPK Submitted
FT064,inv/ipk,exome capture,wild,100,SAMEA3231903,ERP009079,PRJEB8044,ERR753333,ERX697015,ERS653125,,https://doi.org/10.1038/ng.3612,,IPK Submitted
FT067,inv/ipk,exome capture,wild,100,SAMEA3231830,ERP009079,PRJEB8044,ERR753147,ERX696829,ERS653052,,https://doi.org/10.1038/ng.3612,,IPK Submitted
FT075,inv/ipk,exome capture,wild,100,SAMEA3231919,ERP009079,PRJEB8044,ERR753332,ERX697014,ERS653141,,https://doi.org/10.1038/ng.3612,,IPK Submitted
FT144,inv/ipk,exome capture,wild,100,SAMEA3231831,ERP009079,PRJEB8044,ERR753148,ERX696830,ERS653053,,https://doi.org/10.1038/ng.3612,,IPK Submitted
FT147,inv/ipk,exome capture,wild,100,SAMEA3231832,ERP009079,PRJEB8044,ERR753149,ERX696831,ERS653054,,https://doi.org/10.1038/ng.3612,,IPK Submitted
FT172,inv/ipk,exome capture,wild,100,SAMEA3231833,ERP009079,PRJEB8044,ERR753150,ERX696832,ERS653055,,https://doi.org/10.1038/ng.3612,,IPK Submitted
FT175,inv/ipk,exome capture,wild,100,SAMEA3231834,ERP009079,PRJEB8044,ERR753151,ERX696833,ERS653056,,https://doi.org/10.1038/ng.3612,,IPK Submitted
FT218,inv/ipk,exome capture,wild,100,SAMEA3232981,ERP009079,PRJEB8044,ERR753097,ERX696779,ERS654174,,https://doi.org/10.1038/ng.3612,,IPK Submitted
FT219,inv/ipk,exome capture,wild,100,SAMEA3231836,ERP009079,PRJEB8044,ERR753152,ERX696834,ERS653058,,https://doi.org/10.1038/ng.3612,,IPK Submitted
FT222,inv/ipk,exome capture,wild,100,SAMEA3232989,ERP009079,PRJEB8044,ERR753298,ERX696980,ERS654182,,https://doi.org/10.1038/ng.3612,,IPK Submitted
FT226,ipk,exome capture,landrace,100,SAMEA3231837,ERP009079,PRJEB8044,ERR753225,ERX696896,ERS653059,,https://doi.org/10.1038/ng.3612,,IPK Submitted
FT229,inv/ipk,exome capture,wild,100,SAMEA3231838,ERP009079,PRJEB8044,ERR753153,ERX696835,ERS653060,,https://doi.org/10.1038/ng.3612,,IPK Submitted
FT232,inv/ipk,exome capture,wild,100,SAMEA3231839,ERP009079,PRJEB8044,ERR753154,ERX696836,ERS653061,,https://doi.org/10.1038/ng.3612,,IPK Submitted
FT248,inv/ipk,exome capture,wild,100,SAMEA3232987,ERP009079,PRJEB8044,ERR753296,ERX696978,ERS654180,,https://doi.org/10.1038/ng.3612,,IPK Submitted
FT252,inv/ipk,exome capture,wild,100,SAMEA3231840,ERP009079,PRJEB8044,ERR753155,ERX696837,ERS653062,,https://doi.org/10.1038/ng.3612,,IPK Submitted
FT262,inv/ipk,exome capture,wild,100,SAMEA3231841,ERP009079,PRJEB8044,ERR753331,ERX697013,ERS653063,,https://doi.org/10.1038/ng.3612,,IPK Submitted
FT268,inv/ipk,exome capture,wild,100,SAMEA3231842,ERP009079,PRJEB8044,ERR753156,ERX696838,ERS653064,,https://doi.org/10.1038/ng.3612,,IPK Submitted
FT270,inv/ipk,exome capture,wild,100,SAMEA3231843,ERP009079,PRJEB8044,ERR753157,ERX696839,ERS653065,,https://doi.org/10.1038/ng.3612,,IPK Submitted
FT272,inv/ipk,exome capture,wild,100,SAMEA3231844,ERP009079,PRJEB8044,ERR753158,ERX696840,ERS653066,,https://doi.org/10.1038/ng.3612,,IPK Submitted
FT276,inv/ipk,exome capture,wild,100,SAMEA3231845,ERP009079,PRJEB8044,ERR753159,ERX696841,ERS653067,,https://doi.org/10.1038/ng.3612,,IPK Submitted
FT279,inv/ipk,exome capture,wild,100,SAMEA3231846,ERP009079,PRJEB8044,ERR753334,ERX697016,ERS653068,,https://doi.org/10.1038/ng.3612,,IPK Submitted
FT286,inv/ipk,exome capture,wild,100,SAMEA3231847,ERP009079,PRJEB8044,ERR753160,ERX696842,ERS653069,,https://doi.org/10.1038/ng.3612,,IPK Submitted
FT332,inv/ipk,exome capture,wild,100,SAMEA3231848,ERP009079,PRJEB8044,ERR753161,ERX696843,ERS653070,,https://doi.org/10.1038/ng.3612,,IPK Submitted
FT333,inv/ipk,exome capture,wild,100,SAMEA3231849,ERP009079,PRJEB8044,ERR753335,ERX697017,ERS653071,,https://doi.org/10.1038/ng.3612,,IPK Submitted
FT338,inv/ipk,exome capture,wild,100,SAMEA3231850,ERP009079,PRJEB8044,ERR753162,ERX696844,ERS653072,,https://doi.org/10.1038/ng.3612,,IPK Submitted
FT340,inv/ipk,exome capture,wild,100,SAMEA3231851,ERP009079,PRJEB8044,ERR753163,ERX696845,ERS653073,,https://doi.org/10.1038/ng.3612,,IPK Submitted
FT359,ipk,exome capture,wild,100,SAMEA3231853,ERP009079,PRJEB8044,ERR753214,ERX696847,ERS653075,,https://doi.org/10.1038/ng.3612,,IPK Submitted
FT361,inv/ipk,exome capture,wild,100,SAMEA3231854,ERP009079,PRJEB8044,ERR753166,ERX696848,ERS653076,,https://doi.org/10.1038/ng.3612,,IPK Submitted
FT363,inv/ipk,exome capture,wild,100,SAMEA3231855,ERP009079,PRJEB8044,ERR753167,ERX696849,ERS653077,,https://doi.org/10.1038/ng.3612,,IPK Submitted
FT376,inv/ipk,exome capture,wild,100,SAMEA3231856,ERP009079,PRJEB8044,ERR753168,ERX696850,ERS653078,,https://doi.org/10.1038/ng.3612,,IPK Submitted
FT380,ipk,exome capture,wild,100,SAMEA3231858,ERP009079,PRJEB8044,ERR753341,ERX697023,ERS653080,,https://doi.org/10.1038/ng.3612,,IPK Submitted
FT388,ipk,exome capture,landrace,100,SAMEA3231859,ERP009079,PRJEB8044,ERR753344,ERX697026,ERS653081,,https://doi.org/10.1038/ng.3612,,IPK Submitted
FT390,ipk,exome capture,landrace,100,SAMEA3231860,ERP009079,PRJEB8044,ERR753343,ERX697025,ERS653082,,https://doi.org/10.1038/ng.3612,,IPK Submitted
FT393,inv/ipk,exome capture,wild,100,SAMEA3231861,ERP009079,PRJEB8044,ERR753170,ERX696852,ERS653083,,https://doi.org/10.1038/ng.3612,,IPK Submitted
FT411,ipk,exome capture,landrace,100,SAMEA3231862,ERP009079,PRJEB8044,ERR753234,ERX696916,ERS653084,,https://doi.org/10.1038/ng.3612,,IPK Submitted
FT414,ipk,exome capture,landrace,100,SAMEA3231863,ERP009079,PRJEB8044,ERR753235,ERX696917,ERS653085,,https://doi.org/10.1038/ng.3612,,IPK Submitted
FT462,inv/ipk,exome capture,wild,100,SAMEA3232982,ERP009079,PRJEB8044,ERR753098,ERX696780,ERS654175,,https://doi.org/10.1038/ng.3612,,IPK Submitted
FT469,inv/ipk,exome capture,wild,100,SAMEA3231864,ERP009079,PRJEB8044,ERR753171,ERX696853,ERS653086,,https://doi.org/10.1038/ng.3612,,IPK Submitted
FT470,inv/ipk,exome capture,wild,100,SAMEA3231865,ERP009079,PRJEB8044,ERR753172,ERX696854,ERS653087,,https://doi.org/10.1038/ng.3612,,IPK Submitted
FT473,inv/ipk,exome capture,wild,100,SAMEA3232983,ERP009079,PRJEB8044,ERR753099,ERX696781,ERS654176,,https://doi.org/10.1038/ng.3612,,IPK Submitted
FT507,inv/ipk,exome capture,wild,100,SAMEA3231866,ERP009079,PRJEB8044,ERR753173,ERX696855,ERS653088,,https://doi.org/10.1038/ng.3612,,IPK Submitted
FT512,inv/ipk,exome capture,wild,100,SAMEA3231867,ERP009079,PRJEB8044,ERR753174,ERX696856,ERS653089,,https://doi.org/10.1038/ng.3612,,IPK Submitted
FT519,ipk,exome capture,landrace,100,SAMEA3231868,ERP009079,PRJEB8044,ERR753208,ERX696890,ERS653090,,https://doi.org/10.1038/ng.3612,,IPK Submitted
FT520,ipk,exome capture,landrace,100,SAMEA3231869,ERP009079,PRJEB8044,ERR753239,ERX696921,ERS653091,,https://doi.org/10.1038/ng.3612,,IPK Submitted
FT521,ipk,exome capture,landrace,100,SAMEA3231870,ERP009079,PRJEB8044,ERR753240,ERX696922,ERS653092,,https://doi.org/10.1038/ng.3612,,IPK Submitted
FT523,ipk,exome capture,landrace,100,SAMEA3231871,ERP009079,PRJEB8044,ERR753241,ERX696923,ERS653093,,https://doi.org/10.1038/ng.3612,,IPK Submitted
FT524,ipk,exome capture,landrace,100,SAMEA3231872,ERP009079,PRJEB8044,ERR753237,ERX696919,ERS653094,,https://doi.org/10.1038/ng.3612,,IPK Submitted
FT525,ipk,exome capture,landrace,100,SAMEA3231873,ERP009079,PRJEB8044,ERR753325,ERX697007,ERS653095,,https://doi.org/10.1038/ng.3612,,IPK Submitted
FT539,ipk,exome capture,landrace,100,SAMEA3231874,ERP009079,PRJEB8044,ERR753238,ERX696920,ERS653096,,https://doi.org/10.1038/ng.3612,,IPK Submitted
FT549,ipk,exome capture,landrace,100,SAMEA3231875,ERP009079,PRJEB8044,ERR753254,ERX696936,ERS653097,,https://doi.org/10.1038/ng.3612,,IPK Submitted
FT553,ipk,exome capture,landrace,100,SAMEA3231876,ERP009079,PRJEB8044,ERR753253,ERX696935,ERS653098,,https://doi.org/10.1038/ng.3612,,IPK Submitted
FT554,ipk,exome capture,landrace,100,SAMEA3231877,ERP009079,PRJEB8044,ERR753255,ERX696937,ERS653099,,https://doi.org/10.1038/ng.3612,,IPK Submitted
FT555,ipk,exome capture,landrace,100,SAMEA3231878,ERP009079,PRJEB8044,ERR753259,ERX696941,ERS653100,,https://doi.org/10.1038/ng.3612,,IPK Submitted
FT561,ipk,exome capture,landrace,100,SAMEA3231880,ERP009079,PRJEB8044,ERR753257,ERX696939,ERS653102,,https://doi.org/10.1038/ng.3612,,IPK Submitted
FT566,inv/ipk,exome capture,wild,100,SAMEA3231881,ERP009079,PRJEB8044,ERR753175,ERX696857,ERS653103,,https://doi.org/10.1038/ng.3612,,IPK Submitted
FT567,inv/ipk,exome capture,wild,100,SAMEA3231882,ERP009079,PRJEB8044,ERR753176,ERX696858,ERS653104,,https://doi.org/10.1038/ng.3612,,IPK Submitted
FT568,inv/ipk,exome capture,wild,100,SAMEA3231883,ERP009079,PRJEB8044,ERR753177,ERX696859,ERS653105,,https://doi.org/10.1038/ng.3612,,IPK Submitted
FT572,inv/ipk,exome capture,wild,100,SAMEA3231884,ERP009079,PRJEB8044,ERR753178,ERX696860,ERS653106,,https://doi.org/10.1038/ng.3612,,IPK Submitted
FT578,inv/ipk,exome capture,wild,100,SAMEA3231885,ERP009079,PRJEB8044,ERR753179,ERX696861,ERS653107,,https://doi.org/10.1038/ng.3612,,IPK Submitted
FT581,inv/ipk,exome capture,wild,100,SAMEA3231886,ERP009079,PRJEB8044,ERR753180,ERX696862,ERS653108,,https://doi.org/10.1038/ng.3612,,IPK Submitted
FT582,inv/ipk,exome capture,wild,100,SAMEA3231887,ERP009079,PRJEB8044,ERR753196,ERX696878,ERS653109,,https://doi.org/10.1038/ng.3612,,IPK Submitted
FT584,inv/ipk,exome capture,wild,100,SAMEA3231888,ERP009079,PRJEB8044,ERR753187,ERX696869,ERS653110,,https://doi.org/10.1038/ng.3612,,IPK Submitted
FT589,inv/ipk,exome capture,wild,100,SAMEA3231889,ERP009079,PRJEB8044,ERR753204,ERX696886,ERS653111,,https://doi.org/10.1038/ng.3612,,IPK Submitted
FT590,inv/ipk,exome capture,wild,100,SAMEA3231890,ERP009079,PRJEB8044,ERR753203,ERX696885,ERS653112,,https://doi.org/10.1038/ng.3612,,IPK Submitted
FT592,inv/ipk,exome capture,wild,100,SAMEA3231891,ERP009079,PRJEB8044,ERR753181,ERX696863,ERS653113,,https://doi.org/10.1038/ng.3612,,IPK Submitted
FT595,inv/ipk,exome capture,wild,100,SAMEA3231892,ERP009079,PRJEB8044,ERR753185,ERX696867,ERS653114,,https://doi.org/10.1038/ng.3612,,IPK Submitted
FT604,inv/ipk,exome capture,wild,100,SAMEA3231893,ERP009079,PRJEB8044,ERR753184,ERX696866,ERS653115,,https://doi.org/10.1038/ng.3612,,IPK Submitted
FT611,inv/ipk,exome capture,wild,100,SAMEA3231894,ERP009079,PRJEB8044,ERR753183,ERX696865,ERS653116,,https://doi.org/10.1038/ng.3612,,IPK Submitted
FT613,inv/ipk,exome capture,wild,100,SAMEA3231895,ERP009079,PRJEB8044,ERR753182,ERX696864,ERS653117,,https://doi.org/10.1038/ng.3612,,IPK Submitted
FT616,inv/ipk,exome capture,wild,100,SAMEA3231896,ERP009079,PRJEB8044,ERR753342,ERX697024,ERS653118,,https://doi.org/10.1038/ng.3612,,IPK Submitted
FT626,inv/ipk,exome capture,wild,100,SAMEA3231897,ERP009079,PRJEB8044,ERR753197,ERX696879,ERS653119,,https://doi.org/10.1038/ng.3612,,IPK Submitted
FT627,inv/ipk,exome capture,wild,100,SAMEA3231898,ERP009079,PRJEB8044,ERR753198,ERX696880,ERS653120,,https://doi.org/10.1038/ng.3612,,IPK Submitted
FT628,inv/ipk,exome capture,wild,100,SAMEA3231899,ERP009079,PRJEB8044,ERR753194,ERX696876,ERS653121,,https://doi.org/10.1038/ng.3612,,IPK Submitted
FT630,inv/ipk,exome capture,wild,100,SAMEA3231900,ERP009079,PRJEB8044,ERR753265,ERX696947,ERS653122,,https://doi.org/10.1038/ng.3612,,IPK Submitted
FT631,inv/ipk,exome capture,wild,100,SAMEA3231901,ERP009079,PRJEB8044,ERR753266,ERX696948,ERS653123,,https://doi.org/10.1038/ng.3612,,IPK Submitted
FT632,inv/ipk,exome capture,wild,100,SAMEA3231902,ERP009079,PRJEB8044,ERR753267,ERX696949,ERS653124,,https://doi.org/10.1038/ng.3612,,IPK Submitted
FT643,inv/ipk,exome capture,wild,100,SAMEA3231904,ERP009079,PRJEB8044,ERR753338,ERX697020,ERS653126,,https://doi.org/10.1038/ng.3612,,IPK Submitted
FT657,inv/ipk,exome capture,wild,100,SAMEA3231905,ERP009079,PRJEB8044,ERR753268,ERX696950,ERS653127,,https://doi.org/10.1038/ng.3612,,IPK Submitted
FT658,inv/ipk,exome capture,wild,100,SAMEA3231906,ERP009079,PRJEB8044,ERR753269,ERX696951,ERS653128,,https://doi.org/10.1038/ng.3612,,IPK Submitted
FT660,inv/ipk,exome capture,wild,100,SAMEA3231907,ERP009079,PRJEB8044,ERR753270,ERX696952,ERS653129,,https://doi.org/10.1038/ng.3612,,IPK Submitted
FT661,inv/ipk,exome capture,wild,100,SAMEA3231908,ERP009079,PRJEB8044,ERR753271,ERX696953,ERS653130,,https://doi.org/10.1038/ng.3612,,IPK Submitted
FT670,inv/ipk,exome capture,wild,100,SAMEA3231909,ERP009079,PRJEB8044,ERR753337,ERX697019,ERS653131,,https://doi.org/10.1038/ng.3612,,IPK Submitted
FT671,inv/ipk,exome capture,wild,100,SAMEA3231910,ERP009079,PRJEB8044,ERR753288,ERX696970,ERS653132,,https://doi.org/10.1038/ng.3612,,IPK Submitted
FT730,inv/ipk,exome capture,wild,100,SAMEA3232984,ERP009079,PRJEB8044,ERR753100,ERX696782,ERS654177,,https://doi.org/10.1038/ng.3612,,IPK Submitted
FT731,inv/ipk,exome capture,wild,100,SAMEA3231911,ERP009079,PRJEB8044,ERR753279,ERX696961,ERS653133,,https://doi.org/10.1038/ng.3612,,IPK Submitted
FT733,inv/ipk,exome capture,wild,100,SAMEA3231912,ERP009079,PRJEB8044,ERR753278,ERX696960,ERS653134,,https://doi.org/10.1038/ng.3612,,IPK Submitted
FT734,inv/ipk,exome capture,wild,100,SAMEA3231913,ERP009079,PRJEB8044,ERR753289,ERX696971,ERS653135,,https://doi.org/10.1038/ng.3612,,IPK Submitted
FT735,inv/ipk,exome capture,wild,100,SAMEA3231914,ERP009079,PRJEB8044,ERR753272,ERX696954,ERS653136,,https://doi.org/10.1038/ng.3612,,IPK Submitted
FT741,inv/ipk,exome capture,wild,100,SAMEA3231915,ERP009079,PRJEB8044,ERR753287,ERX696969,ERS653137,,https://doi.org/10.1038/ng.3612,,IPK Submitted
FT746,inv/ipk,exome capture,wild,100,SAMEA3231916,ERP009079,PRJEB8044,ERR753290,ERX696972,ERS653138,,https://doi.org/10.1038/ng.3612,,IPK Submitted
FT747,inv/ipk,exome capture,wild,100,SAMEA3231917,ERP009079,PRJEB8044,ERR753291,ERX696973,ERS653139,,https://doi.org/10.1038/ng.3612,,IPK Submitted
FT748,inv/ipk,exome capture,wild,100,SAMEA3231918,ERP009079,PRJEB8044,ERR753277,ERX696959,ERS653140,,https://doi.org/10.1038/ng.3612,,IPK Submitted
FT754,inv/ipk,exome capture,wild,100,SAMEA3231920,ERP009079,PRJEB8044,ERR753285,ERX696967,ERS653142,,https://doi.org/10.1038/ng.3612,,IPK Submitted
FT871,inv/ipk,exome capture,wild,100,SAMEA3231921,ERP009079,PRJEB8044,ERR753284,ERX696966,ERS653143,,https://doi.org/10.1038/ng.3612,,IPK Submitted
FT873,inv/ipk,exome capture,wild,100,SAMEA3231922,ERP009079,PRJEB8044,ERR753336,ERX697018,ERS653144,,https://doi.org/10.1038/ng.3612,,IPK Submitted
FT875,inv/ipk,exome capture,wild,100,SAMEA3231923,ERP009079,PRJEB8044,ERR753336,ERX696963,ERS653145,,https://doi.org/10.1038/ng.3612,,IPK Submitted
FT878,inv/ipk,exome capture,wild,100,SAMEA3231924,ERP009079,PRJEB8044,ERR753280,ERX696962,ERS653146,,https://doi.org/10.1038/ng.3612,2,IPK Submitted
FT879,inv/ipk,exome capture,wild,100,SAMEA3231925,ERP009079,PRJEB8044,ERR753276,ERX696958,ERS653147,,https://doi.org/10.1038/ng.3612,,IPK Submitted
FT880,inv/ipk,exome capture,wild,100,SAMEA3231926,ERP009079,PRJEB8044,ERR753275,ERX696957,ERS653148,,https://doi.org/10.1038/ng.3612,,IPK Submitted
FT885,inv/ipk,exome capture,wild,100,SAMEA3231927,ERP009079,PRJEB8044,ERR753282,ERX696964,ERS653149,,https://doi.org/10.1038/ng.3612,,IPK Submitted
FT886,inv/ipk,exome capture,wild,100,SAMEA3231928,ERP009079,PRJEB8044,ERR753282,ERX697021,ERS653150,,https://doi.org/10.1038/ng.3612,,IPK Submitted
Gull,mbe,exome capture,elite,100,SAMEA2071594,ERP002487,PRJEB1810,ERR271724,ERX245951,ERS243316,,https://doi.org/10.1111/tpj.12294,,IPK Submitted
Harrington,mbe,exome capture,elite,100,SAMEA2071606,ERP002487,PRJEB1810,ERR271728,ERX245955,ERS243328,,https://doi.org/10.1111/tpj.12294,,IPK Submitted
Haruna_Nijo,mbe,exome capture,elite,100,SAMEA2071601,ERP002487,PRJEB1810,ERR271726,ERX245953,ERS243323,,https://doi.org/10.1111/tpj.12294,,IPK Submitted
HOR10103,ipk,exome capture,landrace,100,SAMEA3231929,ERP009079,PRJEB8044,ERR753142,ERX696824,ERS653151,,https://doi.org/10.1038/ng.3612,,IPK Submitted
HOR10130,ipk,exome capture,landrace,100,SAMEA3231930,ERP009079,PRJEB8044,ERR753143,ERX696825,ERS653152,,https://doi.org/10.1038/ng.3612,,IPK Submitted
HOR10152,ipk,exome capture,landrace,100,SAMEA3231931,ERP009079,PRJEB8044,ERR753216,ERX696898,ERS653153,,https://doi.org/10.1038/ng.3612,,IPK Submitted
HOR10280,ipk,exome capture,landrace,100,SAMEA3231932,ERP009079,PRJEB8044,ERR753125,ERX696807,ERS653154,,https://doi.org/10.1038/ng.3612,,IPK Submitted
HOR10350,ipk,exome capture,landrace,100,SAMEA3231933,ERP009079,PRJEB8044,ERR753136,ERX696818,ERS653155,,https://doi.org/10.1038/ng.3612,,IPK Submitted
HOR10360,ipk,exome capture,landrace,100,SAMEA3231934,ERP009079,PRJEB8044,ERR753138,ERX696820,ERS653156,,https://doi.org/10.1038/ng.3612,,IPK Submitted
HOR10410,ipk,exome capture,landrace,100,SAMEA3231935,ERP009079,PRJEB8044,ERR753126,ERX696808,ERS653157,,https://doi.org/10.1038/ng.3612,,IPK Submitted
HOR10551,ipk,exome capture,landrace,100,SAMEA3231937,ERP009079,PRJEB8044,ERR753273,ERX696955,ERS653159,,https://doi.org/10.1038/ng.3612,,IPK Submitted
HOR10609,ipk,exome capture,landrace,100,SAMEA3231938,ERP009079,PRJEB8044,ERR753117,ERX696799,ERS653160,,https://doi.org/10.1038/ng.3612,,IPK Submitted
HOR10610,ipk,exome capture,landrace,100,SAMEA3231939,ERP009079,PRJEB8044,ERR753107,ERX696789,ERS653161,,https://doi.org/10.1038/ng.3612,,IPK Submitted
HOR10627,ipk,exome capture,landrace,100,SAMEA3231940,ERP009079,PRJEB8044,ERR753286,ERX696968,ERS653162,,https://doi.org/10.1038/ng.3612,,IPK Submitted
HOR10705,ipk,exome capture,landrace,100,SAMEA3231941,ERP009079,PRJEB8044,ERR753139,ERX696821,ERS653163,,https://doi.org/10.1038/ng.3612,,IPK Submitted
HOR10761,ipk,exome capture,landrace,100,SAMEA3231942,ERP009079,PRJEB8044,ERR753109,ERX696791,ERS653164,,https://doi.org/10.1038/ng.3612,,IPK Submitted
HOR10782,ipk,exome capture,landrace,100,SAMEA3231943,ERP009079,PRJEB8044,ERR753118,ERX696800,ERS653164,,https://doi.org/10.1038/ng.3612,,IPK Submitted
HOR11317,ipk,exome capture,landrace,100,SAMEA3231946,ERP009079,PRJEB8044,ERR753310,ERX696992,ERS653168,,https://doi.org/10.1038/ng.3612,,IPK Submitted
HOR1133,ipk,exome capture,landrace,100,SAMEA3231947,ERP009079,PRJEB8044,ERR753137,ERX696819,ERS653169,,https://doi.org/10.1038/ng.3612,,IPK Submitted
HOR11403,ipk,exome capture,landrace,100,SAMEA3231948,ERP009079,PRJEB8044,ERR753207,ERX696889,ERS653170,,https://doi.org/10.1038/ng.3612,,IPK Submitted
HOR1192,ipk,exome capture,landrace,100,SAMEA3231952,ERP009079,PRJEB8044,ERR753189,ERX696871,ERS653174,,https://doi.org/10.1038/ng.3612,,IPK Submitted
HOR12762,ipk,exome capture,landrace,100,SAMEA3231954,ERP009079,PRJEB8044,ERR753264,ERX696946,ERS653176,,https://doi.org/10.1038/ng.3612,,IPK Submitted
HOR12830,ipk,exome capture,landrace,100,SAMEA3231955,ERP009079,PRJEB8044,ERR753236,ERX696918,ERS653177,,https://doi.org/10.1038/ng.3612,,IPK Submitted
HOR13416,ipk,exome capture,landrace,100,SAMEA3231956,ERP009079,PRJEB8044,ERR753144,ERX696826,ERS653178,,https://doi.org/10.1038/ng.3612,,IPK Submitted
HOR14153,ipk,exome capture,landrace,100,SAMEA3231957,ERP009079,PRJEB8044,ERR753244,ERX696926,ERS653179,,https://doi.org/10.1038/ng.3612,,IPK Submitted
HOR14279,ipk,exome capture,landrace,100,SAMEA3231958,ERP009079,PRJEB8044,ERR753245,ERX696927,ERS653180,,https://doi.org/10.1038/ng.3612,,IPK Submitted
HOR1431,ipk,exome capture,landrace,100,SAMEA3231959,ERP009079,PRJEB8044,ERR753192,ERX696874,ERS653181,,https://doi.org/10.1038/ng.3612,,IPK Submitted
HOR1463,ipk,exome capture,landrace,100,SAMEA3231961,ERP009079,PRJEB8044,ERR753218,ERX696900,ERS653183,,https://doi.org/10.1038/ng.3612,,IPK Submitted
HOR154,ipk,exome capture,landrace,100,SAMEA3231962,ERP009079,PRJEB8044,ERR753308,ERX696990,ERS653184,,https://doi.org/10.1038/ng.3612,,IPK Submitted
HOR1707,ipk,exome capture,landrace,100,SAMEA3231964,ERP009079,PRJEB8044,ERR753103,ERX696785,ERS653186,,https://doi.org/10.1038/ng.3612,,IPK Submitted
HOR1758,ipk,exome capture,landrace,100,SAMEA3231965,ERP009079,PRJEB8044,ERR753119,ERX696801,ERS653187,,https://doi.org/10.1038/ng.3612,,IPK Submitted
HOR1804,ipk,exome capture,landrace,100,SAMEA3231966,ERP009079,PRJEB8044,ERR753229,ERX696911,ERS653188,,https://doi.org/10.1038/ng.3612,,IPK Submitted
HOR1842,ipk,exome capture,landrace,100,SAMEA3231967,ERP009079,PRJEB8044,ERR753230,ERX696912,ERS653189,,https://doi.org/10.1038/ng.3612,,IPK Submitted
HOR203,ipk,exome capture,landrace,100,SAMEA3231969,ERP009079,PRJEB8044,ERR753132,ERX696814,ERS653191,,https://doi.org/10.1038/ng.3612,,IPK Submitted
HOR2351,ipk,exome capture,landrace,100,SAMEA3231970,ERP009079,PRJEB8044,ERR753305,ERX696987,ERS653192,,https://doi.org/10.1038/ng.3612,,IPK Submitted
HOR2458,ipk,exome capture,landrace,100,SAMEA3231974,ERP009079,PRJEB8044,ERR753320,ERX697002,ERS653196,,https://doi.org/10.1038/ng.3612,,IPK Submitted
HOR2462,ipk,exome capture,landrace,100,SAMEA3231975,ERP009079,PRJEB8044,ERR753327,ERX697009,ERS653197,,https://doi.org/10.1038/ng.3612,,IPK Submitted
HOR2465,ipk,exome capture,landrace,100,SAMEA3231976,ERP009079,PRJEB8044,ERR753326,ERX697008,ERS653198,,https://doi.org/10.1038/ng.3612,,IPK Submitted
HOR2766,ipk,exome capture,landrace,100,SAMEA3231977,ERP009079,PRJEB8044,ERR753274,ERX696956,ERS653199,,https://doi.org/10.1038/ng.3612,,IPK Submitted
HOR2777,ipk,exome capture,landrace,100,SAMEA3231978,ERP009079,PRJEB8044,ERR753191,ERX696873,ERS653200,,https://doi.org/10.1038/ng.3612,,IPK Submitted
HOR2785,ipk,exome capture,landrace,100,SAMEA3231979,ERP009079,PRJEB8044,ERR753111,ERX696793,ERS653201,,https://doi.org/10.1038/ng.3612,,IPK Submitted
HOR2792,ipk,exome capture,landrace,100,SAMEA3231980,ERP009079,PRJEB8044,ERR753112,ERX696794,ERS653202,,https://doi.org/10.1038/ng.3612,,IPK Submitted
HOR2800,ipk,exome capture,landrace,100,SAMEA3231981,ERP009079,PRJEB8044,ERR753232,ERX696914,ERS653203,,https://doi.org/10.1038/ng.3612,,IPK Submitted
HOR2808,ipk,exome capture,landrace,100,SAMEA3231982,ERP009079,PRJEB8044,ERR753113,ERX696795,ERS653204,,https://doi.org/10.1038/ng.3612,,IPK Submitted
HOR2829,ipk,exome capture,landrace,100,SAMEA3231983,ERP009079,PRJEB8044,ERR753233,ERX696915,ERS653205,,https://doi.org/10.1038/ng.3612,,IPK Submitted
HOR2854,ipk,exome capture,landrace,100,SAMEA3231984,ERP009079,PRJEB8044,ERR753121,ERX696803,ERS653206,,https://doi.org/10.1038/ng.3612,,IPK Submitted
HOR2867,ipk,exome capture,landrace,100,SAMEA3231985,ERP009079,PRJEB8044,ERR753114,ERX696796,ERS653207,,https://doi.org/10.1038/ng.3612,,IPK Submitted
HOR354,ipk,exome capture,landrace,100,SAMEA3231986,ERP009079,PRJEB8044,ERR753106,ERX696788,ERS653208,,https://doi.org/10.1038/ng.3612,,IPK Submitted
HOR383,ipk,exome capture,landrace,100,SAMEA3231987,ERP009079,PRJEB8044,ERR753133,ERX696815,ERS653209,,https://doi.org/10.1038/ng.3612,,IPK Submitted
HOR3938,ipk,exome capture,landrace,100,SAMEA3231988,ERP009079,PRJEB8044,ERR753202,ERX696884,ERS653210,,https://doi.org/10.1038/ng.3612,,IPK Submitted
HOR3950,ipk,exome capture,landrace,100,SAMEA3231989,ERP009079,PRJEB8044,ERR753102,ERX696784,ERS653211,,https://doi.org/10.1038/ng.3612,,IPK Submitted
HOR3959,ipk,exome capture,landrace,100,SAMEA3231990,ERP009079,PRJEB8044,ERR753123,ERX696805,ERS653212,,https://doi.org/10.1038/ng.3612,,IPK Submitted
HOR396,ipk,exome capture,landrace,100,SAMEA3231991,ERP009079,PRJEB8044,ERR753134,ERX696816,ERS653213,,https://doi.org/10.1038/ng.3612,,IPK Submitted
HOR4150,ipk,exome capture,landrace,100,SAMEA3231992,ERP009079,PRJEB8044,ERR753120,ERX696802,ERS653214,,https://doi.org/10.1038/ng.3612,,IPK Submitted
HOR4469,ipk,exome capture,landrace,100,SAMEA3231993,ERP009079,PRJEB8044,ERR753129,ERX696811,ERS653215,,https://doi.org/10.1038/ng.3612,,IPK Submitted
HOR454,ipk,exome capture,landrace,100,SAMEA3231994,ERP009079,PRJEB8044,ERR753200,ERX696882,ERS653216,,https://doi.org/10.1038/ng.3612,,IPK Submitted
HOR4720,ipk,exome capture,landrace,100,SAMEA3231996,ERP009079,PRJEB8044,ERR753283,ERX696965,ERS653218,,https://doi.org/10.1038/ng.3612,,IPK Submitted
HOR4724,ipk,exome capture,landrace,100,SAMEA3231997,ERP009079,PRJEB8044,ERR753101,ERX696783,ERS653219,,https://doi.org/10.1038/ng.3612,,IPK Submitted
HOR5702,ipk,exome capture,landrace,100,SAMEA3232000,ERP009079,PRJEB8044,ERR753193,ERX696875,ERS653222,,https://doi.org/10.1038/ng.3612,,IPK Submitted
HOR6360,ipk,exome capture,landrace,100,SAMEA3232001,ERP009079,PRJEB8044,ERR753219,ERX696901,ERS653223,,https://doi.org/10.1038/ng.3612,,IPK Submitted
HOR713,ipk,exome capture,landrace,100,SAMEA3232003,ERP009079,PRJEB8044,ERR753140,ERX696822,ERS653225,,https://doi.org/10.1038/ng.3612,,IPK Submitted
HOR7380,ipk,exome capture,landrace,100,SAMEA3232004,ERP009079,PRJEB8044,ERR753135,ERX696817,ERS653226,,https://doi.org/10.1038/ng.3612,,IPK Submitted
HOR742,ipk,exome capture,landrace,100,SAMEA3232005,ERP009079,PRJEB8044,ERR753190,ERX696872,ERS653227,,https://doi.org/10.1038/ng.3612,,IPK Submitted
HOR7436,ipk,exome capture,landrace,100,SAMEA3232006,ERP009079,PRJEB8044,ERR753201,ERX696883,ERS653228,,https://doi.org/10.1038/ng.3612,,IPK Submitted
HOR752,ipk,exome capture,landrace,100,SAMEA3232007,ERP009079,PRJEB8044,ERR753122,ERX696804,ERS653229,,https://doi.org/10.1038/ng.3612,,IPK Submitted
HOR756,ipk,exome capture,landrace,100,SAMEA3232008,ERP009079,PRJEB8044,ERR753124,ERX696806,ERS653230,,https://doi.org/10.1038/ng.3612,,IPK Submitted
HOR758,ipk,exome capture,landrace,100,SAMEA3232009,ERP009079,PRJEB8044,ERR753324,ERX697006,ERS653231,,https://doi.org/10.1038/ng.3612,,IPK Submitted
HOR7969,ipk,exome capture,landrace,100,SAMEA3232010,ERP009079,PRJEB8044,ERR753131,ERX696813,ERS653232,,https://doi.org/10.1038/ng.3612,,IPK Submitted
HOR8113,ipk,exome capture,landrace,100,SAMEA3232011,ERP009079,PRJEB8044,ERR753213,ERX696895,ERS653233,,https://doi.org/10.1038/ng.3612,,IPK Submitted
HOR8455,ipk,exome capture,landrace,100,SAMEA3232012,ERP009079,PRJEB8044,ERR753116,ERX696798,ERS653234,,https://doi.org/10.1038/ng.3612,,IPK Submitted
HOR8635,ipk,exome capture,landrace,100,SAMEA3232013,ERP009079,PRJEB8044,ERR753128,ERX696810,ERS653235,,https://doi.org/10.1038/ng.3612,,IPK Submitted
HOR8658,ipk,exome capture,landrace,100,SAMEA3232985,ERP009079,PRJEB8044,ERR753104,ERX696786,ERS654178,,https://doi.org/10.1038/ng.3612,,IPK Submitted
HOR8826,ipk,exome capture,landrace,100,SAMEA3232014,ERP009079,PRJEB8044,ERR753195,ERX696877,ERS653236,,https://doi.org/10.1038/ng.3612,,IPK Submitted
HOR8827,ipk,exome capture,landrace,100,SAMEA3232015,ERP009079,PRJEB8044,ERR753217,ERX696899,ERS653237,,https://doi.org/10.1038/ng.3612,,IPK Submitted
HOR8842,ipk,exome capture,landrace,100,SAMEA3232016,ERP009079,PRJEB8044,ERR753199,ERX696881,ERS653238,,https://doi.org/10.1038/ng.3612,,IPK Submitted
HOR902,ipk,exome capture,landrace,100,SAMEA3232017,ERP009079,PRJEB8044,ERR753130,ERX696812,ERS653239,,https://doi.org/10.1038/ng.3612,,IPK Submitted
HOR937,ipk,exome capture,landrace,100,SAMEA3232018,ERP009079,PRJEB8044,ERR753110,ERX696792,ERS653240,,https://doi.org/10.1038/ng.3612,,IPK Submitted
HOR9453,ipk,exome capture,landrace,100,SAMEA3232019,ERP009079,PRJEB8044,ERR753127,ERX696809,ERS653241,,https://doi.org/10.1038/ng.3612,,IPK Submitted
HOR9607,ipk,exome capture,landrace,100,SAMEA3232020,ERP009079,PRJEB8044,ERR753108,ERX696790,ERS653242,,https://doi.org/10.1038/ng.3612,,IPK Submitted
HOR9827,ipk,exome capture,landrace,100,SAMEA3232021,ERP009079,PRJEB8044,ERR753115,ERX696797,ERS653243,,https://doi.org/10.1038/ng.3612,,IPK Submitted
HOR9888,ipk,exome capture,landrace,100,SAMEA3232022,ERP009079,PRJEB8044,ERR753141,ERX696823,ERS653244,,https://doi.org/10.1038/ng.3612,,IPK Submitted
HOR9919,ipk,exome capture,landrace,100,SAMEA3232023,ERP009079,PRJEB8044,ERR753105,ERX696787,ERS653245,,https://doi.org/10.1038/ng.3612,,IPK Submitted
Igri,mbe,exome capture,elite,100,SAMEA2071603,ERP002487,PRJEB1810,ERR271727,ERX245954,ERS243325,,https://doi.org/10.1111/tpj.12294,,IPK Submitted
Kindred,mbe,exome capture,elite,100,SAMEA2071600,ERP002487,PRJEB1810,ERR271725,ERX245952,ERS243322,,https://doi.org/10.1111/tpj.12294,,IPK Submitted
M122,gp,exome capture,elite,100,SAMN07525072,SRP119611,PRJNA399170,SRR6150392,SRX3262422,SRS2575349,,https://doi.org/10.1534/genetics.119.302733,,ML Submitted
Morex_jhi00,mbe,exome capture,elite,100,SAMEA2071590,ERP002487,PRJEB1810,ERR271706,ERX245933,ERS243311,,https://doi.org/10.1111/tpj.12294,,IPK Submitted
ND20448,gp,exome capture,elite,100,SAMN07525074,SRP119611,PRJNA399170,SRR6150394,SRX3262420,SRS2575347,,https://doi.org/10.1534/genetics.119.302733,,ML Submitted
ND24906,gp,exome capture,elite,100,SAMN07525075,SRP119611,PRJNA399170,SRR6150410,SRX3262404,SRS2575330,,https://doi.org/10.1534/genetics.119.302733,,ML Submitted
ND25160,gp,exome capture,elite,100,SAMN07525076,SRP119611,PRJNA399170,SRR6150407,SRX3262407,SRS2575334,,https://doi.org/10.1534/genetics.119.302733,,ML Submitted
ND25652,gp,exome capture,elite,100,SAMN07525077,SRP119611,PRJNA399170,SRR6150397,SRX3262417,SRS2575344,,https://doi.org/10.1534/genetics.119.302733,,ML Submitted
ND25728,gp,exome capture,elite,100,SAMN07525078,SRP119611,PRJNA399170,SRR6150398,SRX3262416,SRS2575343,,https://doi.org/10.1534/genetics.119.302733,,ML Submitted
ND25986,gp,exome capture,elite,100,SAMN07525079,SRP119611,PRJNA399170,SRR6150399,SRX3262415,SRS2575342,,https://doi.org/10.1534/genetics.119.302733,,ML Submitted
ND26036,gp,exome capture,elite,125,SAMN07525080,SRP119611,PRJNA399170,SRR6150400,SRX3262414,SRS2575341,,https://doi.org/10.1534/genetics.119.302733,,ML Submitted
ND26104,gp,exome capture,elite,125,SAMN07525081,SRP119611,PRJNA399170,SRR6150411,SRX3262403,SRS2575331,,https://doi.org/10.1534/genetics.119.302733,,ML Submitted
OUH602,inv/mbe,exome capture,wild,100,SAMEA2071602,ERP002487,PRJEB1810,ERR271737,ERX245964,ERS243324,"To avoid confusion for two spontaneum samples, we used SRA Run ID ERR271737",https://doi.org/10.1111/tpj.12294,,IPK Submitted
PI_039590,nam/env,exome capture,landrace,100,SAMN11029330,SRP187232,PRJNA524166,SRR8651133,SRX5448870,SRS4425704,,https://doi.org/10.1534/genetics.119.302046,,ML Submitted
PI_048133,nam,exome capture,elite,125,SAMN11029331,SRP187232,PRJNA524166,SRR8651136,SRX5448867,SRS4425701,,https://doi.org/10.1534/genetics.119.302046,,ML Submitted
PI_057015,nam/env,exome capture,landrace,100,SAMN09283200,SRP149740,PRJNA473780,SRR7261713,SRX4165976,SRS3378336,,https://doi.org/10.1534/g3.119.400401,,ML Submitted
PI_057089,nam/env,exome capture,landrace,100,SAMN11029333,SRP187232,PRJNA524166,SRR8651130,SRX5448873,SRS4425707,,https://doi.org/10.1534/genetics.119.302046,,ML Submitted
PI_057099,nam/env,exome capture,landrace,100,SAMN09283201,SRP149740,PRJNA473780,SRR7261710,SRX4165979,SRS3378339,,https://doi.org/10.1534/g3.119.400401,,ML Submitted
PI_061533,nam,exome capture,elite,125,SAMN11029334,SRP187232,PRJNA524166,SRR8651129,SRX5448874,SRS4425708,,https://doi.org/10.1534/genetics.119.302046,,ML Submitted
PI_064022,nam/env,exome capture,landrace,100,SAMN11029398,SRP187232,PRJNA524166,SRR8651152,SRX5448851,SRS4425685,,https://doi.org/10.1534/genetics.119.302046,,ML Submitted
PI_069421,nam/env,exome capture,landrace,100,SAMN11029400,SRP187232,PRJNA524166,SRR8651108,SRX5448895,SRS4425729,,https://doi.org/10.1534/genetics.119.302046,,ML Submitted
PI_071075,nam,exome capture,elite,100,SAMN11029401,SRP187232,PRJNA524166,SRR8651105,SRX5448898,SRS4425732,,https://doi.org/10.1534/genetics.119.302046,,ML Submitted
PI_087844,nam/env,exome capture,landrace,100,SAMN11029402,SRP187232,PRJNA524166,SRR8651106,SRX5448897,SRS4425731,,https://doi.org/10.1534/genetics.119.302046,,ML Submitted
PI_094790,nam/env,exome capture,landrace,100,SAMN09283202,SRP149740,PRJNA473780,SRR7261711,SRX4165978,SRS3378338,,https://doi.org/10.1534/g3.119.400401,,ML Submitted
PI_094875,nam/env,exome capture,landrace,100,SAMN11029403,SRP187232,PRJNA524166,SRR8651149,SRX5448854,SRS4425688,,https://doi.org/10.1534/genetics.119.302046,,ML Submitted
PI_095167,nam/env,exome capture,landrace,100,SAMN09283203,SRP149740,PRJNA473780,SRR7261708,SRX4165981,SRS3378341,,https://doi.org/10.1534/g3.119.400401,,ML Submitted
PI_119925,nam,exome capture,elite,100,SAMN11029335,SRP187232,PRJNA524166,SRR8651132,SRX5448871,SRS4425705,,https://doi.org/10.1534/genetics.119.302046,,ML Submitted
PI_129482,nam,exome capture,elite,100,SAMN11029336,SRP187232,PRJNA524166,SRR8651131,SRX5448872,SRS4425706,,https://doi.org/10.1534/genetics.119.302046,,ML Submitted
PI_135758,nam/env,exome capture,landrace,100,SAMN11029337,SRP187232,PRJNA524166,SRR8651126,SRX5448877,SRS4425711,,https://doi.org/10.1534/genetics.119.302046,,ML Submitted
PI_157884,nam,exome capture,elite,100,SAMN11029338,SRP187232,PRJNA524166,SRR8651125,SRX5448878,SRS4425712,,https://doi.org/10.1534/genetics.119.302046,,ML Submitted
PI_163409,nam,exome capture,elite,100,SAMN11029339,SRP187232,PRJNA524166,SRR8651176,SRX5448827,SRS4425661,,https://doi.org/10.1534/genetics.119.302046,,ML Submitted
PI_173518,nam/env,exome capture,landrace,100,SAMN11029340,SRP187232,PRJNA524166,SRR8651177,SRX5448826,SRS4425660,,https://doi.org/10.1534/genetics.119.302046,,ML Submitted
PI_174431,nam,exome capture,elite,100,SAMN11029341,SRP187232,PRJNA524166,SRR8651178,SRX5448825,SRS4425659,,https://doi.org/10.1534/genetics.119.302046,,ML Submitted
PI_178609,nam/env,exome capture,landrace,100,SAMN11029342,SRP187232,PRJNA524166,SRR8651179,SRX5448824,SRS4425658,,https://doi.org/10.1534/genetics.119.302046,,ML Submitted
PI_181102,nam/env,exome capture,landrace,100,SAMN11029343,SRP187232,PRJNA524166,SRR8651180,SRX5448823,SRS4425657,,https://doi.org/10.1534/genetics.119.302046,,ML Submitted
PI_184884,nam,exome capture,elite,125,SAMN11029344,SRP187232,PRJNA524166,SRR8651181,SRX5448822,SRS4425656,,https://doi.org/10.1534/genetics.119.302046,,ML Submitted
PI_189764,nam,exome capture,elite,125,SAMN11029345,SRP187232,PRJNA524166,SRR8651182,SRX5448821,SRS4425655,,https://doi.org/10.1534/genetics.119.302046,,ML Submitted
PI_190200,nam,exome capture,elite,125,SAMN11029346,SRP187232,PRJNA524166,SRR8651183,SRX5448820,SRS4425654,,https://doi.org/10.1534/genetics.119.302046,,ML Submitted
PI_190203,nam,exome capture,elite,125,SAMN11029347,SRP187232,PRJNA524166,SRR8651184,SRX5448819,SRS4425653,,https://doi.org/10.1534/genetics.119.302046,,ML Submitted
PI_190711,nam,exome capture,elite,125,SAMN11029348,SRP187232,PRJNA524166,SRR8651185,SRX5448818,SRS4425652,,https://doi.org/10.1534/genetics.119.302046,,ML Submitted
PI_190790,nam/env,exome capture,landrace,100,SAMN11029349,SRP187232,PRJNA524166,SRR8651144,SRX5448859,SRS4425693,,https://doi.org/10.1534/genetics.119.302046,,ML Submitted
PI_223883,nam,exome capture,elite,125,SAMN11029350,SRP187232,PRJNA524166,SRR8651143,SRX5448860,SRS4425694,,https://doi.org/10.1534/genetics.119.302046,,ML Submitted
PI_227449,nam/env,exome capture,landrace,100,SAMN09283180,SRP149740,PRJNA473780,SRR7261709,SRX4165980,SRS3378340,,https://doi.org/10.1534/g3.119.400401,,ML Submitted
PI_264251,nam,exome capture,elite,125,SAMN11029351,SRP187232,PRJNA524166,SRR8651142,SRX5448861,SRS4425695,,https://doi.org/10.1534/genetics.119.302046,,ML Submitted
PI_270692,nam/env,exome capture,landrace,100,SAMN11029352,SRP187232,PRJNA524166,SRR8651141,SRX5448862,SRS4425696,,https://doi.org/10.1534/genetics.119.302046,,ML Submitted
PI_282616,nam/env,exome capture,landrace,100,SAMN11029353,SRP187232,PRJNA524166,SRR8651140,SRX5448863,SRS4425697,,https://doi.org/10.1534/genetics.119.302046,,ML Submitted
PI_285118,nam/env,exome capture,landrace,100,SAMN09283181,SRP149740,PRJNA473780,SRR7261706,SRX4165983,SRS3378343,,https://doi.org/10.1534/g3.119.400401,,ML Submitted
PI_286388,nam/env,exome capture,landrace,100,SAMN09283182,SRP149740,PRJNA473780,SRR7261707,SRX4165982,SRS3378342,,https://doi.org/10.1534/g3.119.400401,,ML Submitted
PI_296460,nam/env,exome capture,landrace,125,SAMN11029354,SRP187232,PRJNA524166,SRR8651139,SRX5448864,SRS4425698,,https://doi.org/10.1534/genetics.119.302046,,ML Submitted
PI_296472,nam/env,exome capture,landrace,125,SAMN09283183,SRP149740,PRJNA473780,SRR7261714,SRX4165975,SRS3378335,,https://doi.org/10.1534/g3.119.400401,,ML Submitted
PI_298708,nam/env,exome capture,landrace,100,SAMN11029355,SRP187232,PRJNA524166,SAMN11029355,SRX5448865,SRS4425699,,https://doi.org/10.1534/genetics.119.302046,,ML Submitted
PI_320217,nam,exome capture,elite,100,SAMN11029356,SRP187232,PRJNA524166,SRR8651137,SRX5448866,SRS4425700,,https://doi.org/10.1534/genetics.119.302046,,ML Submitted
PI_327680,nam,exome capture,elite,125,SAMN11029357,SRP187232,PRJNA524166,SRR8651148,SRX5448855,SRS4425689,,https://doi.org/10.1534/genetics.119.302046,,ML Submitted
PI_327716,nam,exome capture,elite,125,SAMN11029358,SRP187232,PRJNA524166,SRR8651147,SRX5448856,SRS4425690,,https://doi.org/10.1534/genetics.119.302046,,ML Submitted
PI_327859,nam,exome capture,elite,100,SAMN11029359,SRP187232,PRJNA524166,SRR8651163,SRX5448840,SRS4425674,,https://doi.org/10.1534/genetics.119.302046,,ML Submitted
PI_328052,nam,exome capture,elite,100,SAMN11029360,SRP187232,PRJNA524166,SRR8651164,SRX5448839,SRS4425673,,https://doi.org/10.1534/genetics.119.302046,,ML Submitted
PI_328155,nam,exome capture,elite,100,SAMN11029361,SRP187232,PRJNA524166,SRR8651161,SRX5448842,SRS4425676,,https://doi.org/10.1534/genetics.119.302046,,ML Submitted
PI_328336,nam/env,exome capture,landrace,100,SAMN09283184,SRP149740,PRJNA473780,SRR7261715,SRX4165974,SRS3378334,,https://doi.org/10.1534/g3.119.400401,,ML Submitted
PI_328485,nam/env,exome capture,landrace,100,SAMN11029362,SRP187232,PRJNA524166,SRR8651162,SRX5448841,SRS4425675,,https://doi.org/10.1534/genetics.119.302046,,ML Submitted
PI_328577,nam/env,exome capture,landrace,100,SAMN11029363,SRP187232,PRJNA524166,SRR8651167,SRX5448836,SRS4425670,,https://doi.org/10.1534/genetics.119.302046,,ML Submitted
PI_329000,nam/env,exome capture,landrace,125,SAMN11029365,SRP187232,PRJNA524166,SRR8651165,SRX5448838,SRS4425672,,https://doi.org/10.1534/genetics.119.302046,,ML Submitted
PI_342139,nam/env,exome capture,landrace,100,SAMN09283185,SRP149740,PRJNA473780,SRR7261704,SRX4165985,SRS3378345,,https://doi.org/10.1534/g3.119.400401,,ML Submitted
PI_342283,nam/env,exome capture,landrace,100,SAMN09283186,SRP149740,PRJNA473780,SRR7261705,SRX4165984,SRS3378344,,https://doi.org/10.1534/g3.119.400401,,ML Submitted
PI_349896,nam/env,exome capture,landrace,100,SAMN09283188,SRP149740,PRJNA473780,SRR7261703,SRX4165986,SRS3378346,,https://doi.org/10.1534/g3.119.400401,,ML Submitted
PI_350713,nam/env,exome capture,landrace,100,SAMN09283189,SRP149740,PRJNA473780,SRR7261700,SRX4165989,SRS3378349,,https://doi.org/10.1534/g3.119.400401,,ML Submitted
PI_356719,nam/env,exome capture,landrace,100,SAMN11029366,SRP187232,PRJNA524166,SRR8651166,SRX5448837,SRS3378349,,https://doi.org/10.1534/genetics.119.302046,,ML Submitted
PI_361038,nam,exome capture,elite,100,SAMN11029367,SRP187232,PRJNA524166,SRR8651170,SRX5448833,SRS4425667,,https://doi.org/10.1534/genetics.119.302046,,ML Submitted
PI_362207,nam,exome capture,elite,100,SAMN11029368,SRP187232,PRJNA524166,SRR8651171,SRX5448832,SRS4425666,,https://doi.org/10.1534/genetics.119.302046,,ML Submitted
PI_371056,nam,exome capture,elite,100,SAMN09283190,SRP149740,PRJNA473780,SRR7261701,SRX4165988,SRS3378348,,https://doi.org/10.1534/g3.119.400401,,ML Submitted
PI_371248,nam/env,exome capture,landrace,100,SAMN09283191,SRP149740,PRJNA473780,SRR7261698,SRX4165991,SRS3378351,,https://doi.org/10.1534/g3.119.400401,,ML Submitted
PI_371390,nam/env,exome capture,landrace,100,SAMN09283192,SRP149740,PRJNA473780,SRR7261699,SRX4165990,SRS3378350,,https://doi.org/10.1534/g3.119.400401,,ML Submitted
PI_371490,nam/env,exome capture,landrace,100,SAMN09283193,SRP149740,PRJNA473780,SRR7261696,SRX4165993,SRS3378353,,https://doi.org/10.1534/g3.119.400401,,ML Submitted
PI_382860,nam/env,exome capture,landrace,100,SAMN11029370,SRP187232,PRJNA524166,SRR8651121,SRX5448882,SRS4425716,,https://doi.org/10.1534/genetics.119.302046,,ML Submitted
PI_386650,nam/env,exome capture,landrace,100,SAMN11029371,SRP187232,PRJNA524166,SRR8651124,SRX5448879,SRS4425713,,https://doi.org/10.1534/genetics.119.302046,,ML Submitted
PI_387098,nam/env,exome capture,landrace,100,SAMN11029372,SRP187232,PRJNA524166,SRR8651123,SRX5448880,SRS4425714,,https://doi.org/10.1534/genetics.119.302046,,ML Submitted
PI_390281,nam,exome capture,elite,100,SAMN11029373,SRP187232,PRJNA524166,SRR8651128,SRX5448875,SRS4425709,,https://doi.org/10.1534/genetics.119.302046,,ML Submitted
PI_401964,nam,exome capture,elite,100,SAMN11029375,SRP187232,PRJNA524166,SRR8651174,SRX5448829,SRS4425663,,https://doi.org/10.1534/genetics.119.302046,,ML Submitted
PI_402037,nam,exome capture,elite,100,SAMN11029376,SRP187232,PRJNA524166,SRR8651127,SRX5448876,SRS4425710,,https://doi.org/10.1534/genetics.119.302046,,ML Submitted
PI_402164,nam,exome capture,elite,100,SAMN11029377,SRP187232,PRJNA524166,SRR8651186,SRX5448817,SRS4425651,,https://doi.org/10.1534/genetics.119.302046,,ML Submitted
PI_402401,nam,exome capture,elite,100,SAMN11029378,SRP187232,PRJNA524166,SRR8651187,SRX5448816,SRS4425650,,https://doi.org/10.1534/genetics.119.302046,,ML Submitted
PI_404205,nam,exome capture,elite,100,SAMN11029379,SRP187232,PRJNA524166,SRR8651172,SRX5448831,SRS4425665,,https://doi.org/10.1534/genetics.119.302046,,ML Submitted
PI_422233,nam/env,exome capture,landrace,100,SAMN09283195,SRP149740,PRJNA473780,SRR7261695,SRX4165994,SRS3378354,,https://doi.org/10.1534/g3.119.400401,,ML Submitted
PI_428411,nam,exome capture,elite,100,SAMN11029381,SRP187232,PRJNA524166,SRR8651169,SRX5448834,SRS4425668,,https://doi.org/10.1534/genetics.119.302046,,ML Submitted
PI_434794,nam,exome capture,elite,100,SAMN11029382,SRP187232,PRJNA524166,SRR8651155,SRX5448848,SRS4425682,,https://doi.org/10.1534/genetics.119.302046,,ML Submitted
PI_436136,nam/env,exome capture,landrace,100,SAMN09283196,SRP149740,PRJNA473780,SRR7261694,SRX4165995,SRS3378356,,https://doi.org/10.1534/g3.119.400401,,ML Submitted
PI_436146,nam/env,exome capture,landrace,100,SAMN09283197,SRP149740,PRJNA473780,SRR7261693,SRX4165996,SRS3378355,,https://doi.org/10.1534/g3.119.400401,,ML Submitted
PI_436149,nam/env,exome capture,landrace,100,SAMN09283198,SRP149740,PRJNA473780,SRR7261692,SRX4165997,SRS3378357,,https://doi.org/10.1534/g3.119.400401,,ML Submitted
PI_436151,nam/env,exome capture,landrace,100,SAMN09283199,SRP149740,PRJNA473780,SRR7261691,SRX4165998,SRS3378358,,https://doi.org/10.1534/g3.119.400401,,ML Submitted
PI_467412,nam,exome capture,elite,100,SAMN11029383,SRP187232,PRJNA524166,SRR8651151,SRX5448852,SRS4425686,,https://doi.org/10.1534/genetics.119.302046,,ML Submitted
PI_467416,nam,exome capture,elite,100,SAMN11029384,SRP187232,PRJNA524166,SRR8651154,SRX5448849,SRS4425683,,https://doi.org/10.1534/genetics.119.302046,,ML Submitted
PI_467422,nam,exome capture,elite,100,SAMN11029385,SRP187232,PRJNA524166,SRR8651156,SRX5448847,SRS4425681,,https://doi.org/10.1534/genetics.119.302046,,ML Submitted
PI_486152,nam,exome capture,elite,100,SAMN11029386,SRP187232,PRJNA524166,SRR8651158,SRX5448845,SRS4425679,,https://doi.org/10.1534/genetics.119.302046,,ML Submitted
PI_506295,nam,exome capture,elite,100,SAMN11029387,SRP187232,PRJNA524166,SRR8651109,SRX5448894,SRS4425728,,https://doi.org/10.1534/genetics.119.302046,,ML Submitted
PI_506302,nam,exome capture,elite,100,SAMN11029388,SRP187232,PRJNA524166,SRR8651173,SRX5448830,SRS4425664,,https://doi.org/10.1534/genetics.119.302046,,ML Submitted
PI_573611,nam,exome capture,elite,100,SAMN11029389,SRP187232,PRJNA524166,SRR8651107,SRX5448896,SRS4425730,,https://doi.org/10.1534/genetics.119.302046,,ML Submitted
PI_573615,nam,exome capture,elite,100,SAMN11029390,SRP187232,PRJNA524166,SRR8651103,SRX5448900,SRS4425734,,https://doi.org/10.1534/genetics.119.302046,,ML Submitted
PI_573878,nam,exome capture,elite,100,SAMN11029391,SRP187232,PRJNA524166,SRR8651146,SRX5448857,SRS4425691,,https://doi.org/10.1534/genetics.119.302046,,ML Submitted
PI_584786,nam/env,exome capture,landrace,125,SAMN11029392,SRP187232,PRJNA524166,SRR8651159,SRX5448844,SRS4425678,,https://doi.org/10.1534/genetics.119.302046,,ML Submitted
PI_599637,nam,exome capture,elite,125,SAMN11029394,SRP187232,PRJNA524166,SRR8651118,SRX5448885,SRS4425719,,https://doi.org/10.1534/genetics.119.302046,,ML Submitted
PI_599649,nam,exome capture,elite,100,SAMN11029395,SRP187232,PRJNA524166,SRR8651175,SRX5448828,SRS4425662,,https://doi.org/10.1534/genetics.119.302046,,ML Submitted
PI_640095,nam,exome capture,elite,100,SAMN11029396,SRP187232,PRJNA524166,SRR8651157,SRX5448846,SRS4425680,,https://doi.org/10.1534/genetics.119.302046,,ML Submitted
PI_640117,nam,exome capture,elite,100,SAMN11029397,SRP187232,PRJNA524166,SRR8651150,SRX5448853,SRS4425687,,https://doi.org/10.1534/genetics.119.302046,,ML Submitted
PI_640286,nam,exome capture,elite,100,SAMN11029399,SRP187232,PRJNA524166,SRR8651145,SRX5448858,SRS4425692,,https://doi.org/10.1534/genetics.119.302046,,ML Submitted
Rasmusson,nice,exome capture,elite,100,SAMN04335347,SRP067633,PRJNA305889,SRR3037398,SRX1494020,SRS1214917,,https://doi.org/10.1534/genetics.116.190736,,ML Submitted
SBCC002,ipk,exome capture,landrace,100,SAMEA3232025,ERP009079,PRJEB8044,ERR753306,ERX696988,ERS653247,,https://doi.org/10.1038/ng.3612,,IPK Submitted
SBCC003,ipk,exome capture,landrace,100,SAMEA3232026,ERP009079,PRJEB8044,ERR753321,ERX697003,ERS653248,,https://doi.org/10.1038/ng.3612,,IPK Submitted
SBCC014,ipk,exome capture,landrace,100,SAMEA3232027,ERP009079,PRJEB8044,ERR753323,ERX697005,ERS653249,,https://doi.org/10.1038/ng.3612,,IPK Submitted
SBCC095,ipk,exome capture,landrace,100,SAMEA3232028,ERP009079,PRJEB8044,ERR753315,ERX696997,ERS653250,,https://doi.org/10.1038/ng.3612,,IPK Submitted
SBCC144,ipk,exome capture,landrace,100,SAMEA3232029,ERP009079,PRJEB8044,ERR753307,ERX696989,ERS653251,,https://doi.org/10.1038/ng.3612,,IPK Submitted
SBCC147,ipk,exome capture,landrace,100,SAMEA3232030,ERP009079,PRJEB8044,ERR753317,ERX696999,ERS653252,,https://doi.org/10.1038/ng.3612,,IPK Submitted
SBCC158,ipk,exome capture,landrace,100,SAMEA3232031,ERP009079,PRJEB8044,ERR753312,ERX696994,ERS653253,,https://doi.org/10.1038/ng.3612,,IPK Submitted
Steptoe_umn,mbe,exome capture,elite,100,SAMEA2071591,ERP002487,PRJEB1810,ERR271719,ERX245946,ERS243312,,https://doi.org/10.1111/tpj.12294,,IPK Submitted
Vogelsanger_Gold,mbe,exome capture,elite,100,SAMEA2071595,ERP002487,PRJEB1810,ERR271729,ERX245956,ERS243317,,https://doi.org/10.1111/tpj.12294,,IPK Submitted
WBDC_001,inv,exome capture,wild,100,SAMN09231888,SRP148604,PRJNA472251,SRR7192297,SRX4108877,SRS3324525,,,,ML Submitted
WBDC_002,inv,exome capture,wild,100,SAMN09231889,SRP148604,PRJNA472251,SRR7192298,SRX4108876,SRS3324559,,,,ML Submitted
WBDC_004,inv,exome capture,wild,100,SAMN09231890,SRP148604,PRJNA472251,SRR7192295,SRX4108879,SRS3324526,,,,ML Submitted
WBDC_005,inv,exome capture,wild,100,SAMN09231891,SRP148604,PRJNA472251,SRR7192296,SRX4108878,SRS3324560,,,,ML Submitted
WBDC_006,inv,exome capture,wild,100,SAMN09231892,SRP148604,PRJNA472251,SRR7192293,SRX4108881,SRS3324528,,,,ML Submitted
WBDC_007,inv,exome capture,wild,125,SAMN09231893,SRP148604,PRJNA472251,SRR7192294,SRX4108880,SRS3324527,,,,ML Submitted
WBDC_008,inv,exome capture,wild,100,SAMN09231894,SRP148604,PRJNA472251,SRR7192291,SRX4108883,SRS3324529,,,,ML Submitted
WBDC_009,inv,exome capture,wild,100,SAMN09231895,SRP148604,PRJNA472251,SRR7192292,SRX4108882,SRS3324561,,,,ML Submitted
WBDC_010,inv,exome capture,wild,100,SAMN09231896,SRP148604,PRJNA472251,SRR7192337,SRX4108837,SRS3324486,,,,ML Submitted
WBDC_011,inv,exome capture,wild,125,SAMN09231897,SRP148604,PRJNA472251,SRR7192290,SRX4108884,SRS3324530,,,,ML Submitted
WBDC_012,inv,exome capture,wild,125,SAMN09231898,SRP148604,PRJNA472251,SRR7192325,SRX4108849,SRS3324498,,,,ML Submitted
WBDC_014,inv,exome capture,wild,125,SAMN09231899,SRP148604,PRJNA472251,SRR7192326,SRX4108848,SRS3324497,,,,ML Submitted
WBDC_016,inv/nice,exome capture,intr,125,SAMN09231900,SRP148604,PRJNA472251,SRR7192323,SRX4108851,SRS3324551,,,,ML Submitted
WBDC_018,inv,exome capture,wild,100,SAMN09231901,SRP148604,PRJNA472251,SRR7192324,SRX4108850,SRS3324499,,,,ML Submitted
WBDC_019,inv,exome capture,wild,125,SAMN09231902,SRP148604,PRJNA472251,SRR7192321,SRX4108853,SRS3324501,,,,ML Submitted
WBDC_020,inv/nice,exome capture,intr,100,SAMN09231903,SRP148604,PRJNA472251,SRR7192322,SRX4108852,SRS3324500,,,,ML Submitted
WBDC_022,inv,exome capture,wild,100,SAMN09231904,SRP148604,PRJNA472251,SRR7192319,SRX4108855,SRS3324503,,,,ML Submitted
WBDC_028,inv/nice,exome capture,wild,100,SAMN04324141,SRP067634,PRJNA305578,SRR3037375,SRX1493997,SRS1214940,,https://doi.org/10.1534/genetics.116.190736,,ML Submitted
WBDC_029,inv,exome capture,wild,125,SAMN09231905,SRP148604,PRJNA472251,SRR7192320,SRX4108854,SRS3324502,,,,ML Submitted
WBDC_030,inv,exome capture,wild,125,SAMN09231906,SRP148604,PRJNA472251,SRR7192333,SRX4108841,SRS3324490,,,,ML Submitted
WBDC_032,inv/nice,exome capture,intr,125,SAMN09231907,SRP148604,PRJNA472251,SRR7192334,SRX4108840,SRS3324489,,,,ML Submitted
WBDC_035,inv/nice,exome capture,wild,100,SAMN04324143,SRP067634,PRJNA305578,SRR3037377,SRX1493999,SRS1214938,,https://doi.org/10.1534/genetics.116.190736,,ML Submitted
WBDC_038,inv,exome capture,wild,125,SAMN09231908,SRP148604,PRJNA472251,SRR7192287,SRX4108887,SRS3324533,,,,ML Submitted
WBDC_042,inv/nice,exome capture,intr,100,SAMN04324144,SRP067634,PRJNA305578,SRR3037378,SRX1494000,SRS1214936,,https://doi.org/10.1534/genetics.116.190736,,ML Submitted
WBDC_048,inv,exome capture,wild,125,SAMN09231909,SRP148604,PRJNA472251,SRR7192286,SRX4108888,SRS3324535,,,,ML Submitted
WBDC_051,inv,exome capture,wild,125,SAMN09231910,SRP148604,PRJNA472251,SRR7192285,SRX4108889,SRS3324534,,,,ML Submitted
WBDC_061_Rep,inv/nice,exome capture,intr,100,SAMN04324145,SRP067634,PRJNA305578,SRR3037379,SRX1494001,SRS1214937,,https://doi.org/10.1534/genetics.116.190736,,ML Submitted
WBDC_066,inv,exome capture,wild,125,SAMN09231911,SRP148604,PRJNA472251,SRR7192284,SRX4108890,SRS3324536,,,,ML Submitted
WBDC_082,inv/nice,exome capture,intr,100,SAMN04324146,SRP067634,PRJNA305578,SRR3037380,SRX1494002,SRS1214935,,https://doi.org/10.1534/genetics.116.190736,,ML Submitted
WBDC_092,inv/nice,exome capture,intr,100,SAMN04324147,SRP067634,PRJNA305578,SRR3037381,SRX1494003,SRS1214934,,https://doi.org/10.1534/genetics.116.190736,,ML Submitted
WBDC_095,inv,exome capture,wild,125,SAMN09231912,SRP148604,PRJNA472251,SRR7192283,SRX4108891,SRS3324537,,,,ML Submitted
WBDC_097,inv,exome capture,wild,125,SAMN09231913,SRP148604,PRJNA472251,SRR7192282,SRX4108892,SRS3324539,,,,ML Submitted
WBDC_101,inv,exome capture,wild,125,SAMN09231914,SRP148604,PRJNA472251,SRR7192281,SRX4108893,SRS3324538,,,,ML Submitted
WBDC_103,inv/nice,exome capture,wild,100,SAMN04324148,SRP067634,PRJNA305578,SRR3037382,SRX1494004,SRS1214933,,https://doi.org/10.1534/genetics.116.190736,,ML Submitted
WBDC_113,inv,exome capture,wild,125,SAMN09231915,SRP148604,PRJNA472251,SRR7192280,SRX4108894,SRS3324540,,,,ML Submitted
WBDC_115,inv/nice,exome capture,intr,125,SAMN09231916,SRP148604,PRJNA472251,SRR7192279,SRX4108895,SRS3324541,,,,ML Submitted
WBDC_116,inv,exome capture,wild,125,SAMN09231917,SRP148604,PRJNA472251,SRR7192278,SRX4108896,SRS3324542,,,,ML Submitted
WBDC_122,inv,exome capture,wild,125,SAMN09231918,SRP148604,PRJNA472251,SRR7192327,SRX4108847,SRS3324496,,,,ML Submitted
WBDC_123,inv,exome capture,wild,125,SAMN09231919,SRP148604,PRJNA472251,SRR7192328,SRX4108846,SRS3324495,,,,ML Submitted
WBDC_126,inv,exome capture,wild,125,SAMN09231920,SRP148604,PRJNA472251,SRR7192329,SRX4108845,SRS3324494,,,,ML Submitted
WBDC_128,inv,exome capture,wild,125,SAMN09231921,SRP148604,PRJNA472251,SRR7192330,SRX4108844,SRS3324493,,,,ML Submitted
WBDC_132,inv,exome capture,wild,125,SAMN09231922,SRP148604,PRJNA472251,SRR7192331,SRX4108843,SRS3324505,,,,ML Submitted
WBDC_140,inv,exome capture,wild,125,SAMN09231923,SRP148604,PRJNA472251,SRR7192332,SRX4108842,SRS3324491,,,,ML Submitted
WBDC_142,inv/nice,exome capture,wild,100,SAMN04324150,SRP067634,PRJNA305578,SRR3037384,SRX1494006,SRS1214931,,https://doi.org/10.1534/genetics.116.190736,,ML Submitted
WBDC_146,inv,exome capture,wild,125,SAMN09231924,SRP148604,PRJNA472251,SRR7192301,SRX4108873,SRS3324522,,,,ML Submitted
WBDC_149,inv,exome capture,wild,125,SAMN09231925,SRP148604,PRJNA472251,SRR7192304,SRX4108870,SRS3324519,,,,ML Submitted
WBDC_150,inv/nice,exome capture,wild,100,SAMN04324151,SRP067634,PRJNA305578,SRR3037385,SRX1494007,SRS1214930,,https://doi.org/10.1534/genetics.116.190736,,ML Submitted
WBDC_169,inv,exome capture,wild,125,SAMN09231926,SRP148604,PRJNA472251,SRR7192335,SRX4108839,SRS3324488,,,,ML Submitted
WBDC_170,inv,exome capture,wild,125,SAMN09231927,SRP148604,PRJNA472251,SRR7192338,SRX4108836,SRS3324485,,,,ML Submitted
WBDC_172,inv,exome capture,intr,125,SAMN09231928,SRP148604,PRJNA472251,SRR7192265,SRS3324554,SRS3324554,,,,ML Submitted
WBDC_173,inv,exome capture,intr,125,SAMN09231929,SRP148604,PRJNA472251,SRR7192264,SRX4108910,SRS3324556,,,,ML Submitted
WBDC_182,inv,exome capture,intr,125,SAMN09231930,SRP148604,PRJNA472251,SRR7192267,SRX4108907,SRS3324553,,,,ML Submitted
WBDC_195,inv,exome capture,wild,125,SAMN09231931,SRP148604,PRJNA472251,SRR7192266,SRX4108908,SRS3324555,,,,ML Submitted
WBDC_196,inv,exome capture,wild,125,SAMN09231932,SRP148604,PRJNA472251,SRR7192269,SRX4108905,SRS3324550,,,,ML Submitted
WBDC_204,inv,exome capture,wild,125,SAMN09231933,SRP148604,PRJNA472251,SRR7192268,SRX4108906,SRS3324552,,,,ML Submitted
WBDC_207,inv,exome capture,wild,125,SAMN09231934,SRP148604,PRJNA472251,SRR7192271,SRX4108903,SRS3324548,,,,ML Submitted
WBDC_210,inv,exome capture,wild,125,SAMN09231935,SRP148604,PRJNA472251,SRR7192270,SRX4108904,SRS3324549,,,,ML Submitted
WBDC_212,inv,exome capture,wild,125,SAMN09231936,SRP148604,PRJNA472251,SRR7192263,SRX4108911,SRS3324557,,,,ML Submitted
WBDC_213,inv,exome capture,wild,125,SAMN09231937,SRP148604,PRJNA472251,SRR7192262,SRX4108912,SRS3324558,,,,ML Submitted
WBDC_216,inv,exome capture,wild,125,SAMN09231938,SRP148604,PRJNA472251,SRR7192313,SRX4108861,SRS3324510,,,,ML Submitted
WBDC_220,inv,exome capture,wild,125,SAMN09231939,SRP148604,PRJNA472251,SRR7192314,SRX4108860,SRS3324509,,,,ML Submitted
WBDC_225,inv,exome capture,wild,125,SAMN09231940,SRP148604,PRJNA472251,SRR7192311,SRX4108863,SRS3324512,,,,ML Submitted
WBDC_227,inv,exome capture,intr,125,SAMN09231941SAMN09231941,SRP148604,PRJNA472251,SRR7192312,SRX4108862,SRS3324511,,,,ML Submitted
WBDC_228,inv,exome capture,wild,125,SAMN09231942,SRP148604,PRJNA472251,SRR7192317,SRX4108857,SRS3324506,,,,ML Submitted
WBDC_229,inv,exome capture,wild,125,SAMN09231943,SRP148604,PRJNA472251,SRR7192318,SRX4108856,SRS3324504,,,,ML Submitted
WBDC_231,inv,exome capture,wild,125,SAMN09231944,SRP148604,PRJNA472251,SRR7192315,SRX4108859,SRS3324508,,,,ML Submitted
WBDC_233,inv,exome capture,wild,125,SAMN09231945,SRP148604,PRJNA472251,SRR7192316,SRX4108858,SRS3324507,,,,ML Submitted
WBDC_234,inv/nice,exome capture,wild,100,SAMN04324156,SRP067634,PRJNA305578,SRR3037390,SRX1494012,SRS1214925,,https://doi.org/10.1534/genetics.116.190736,,ML Submitted
WBDC_236,inv,exome capture,wild,125,SAMN09231946,SRP148604,PRJNA472251,SRR7192306,SRX4108868,SRS3324517,,,,ML Submitted
WBDC_237,inv,exome capture,wild,125,SAMN09231947,SRP148604,PRJNA472251,SRR7192307,SRX4108867,SRS3324516,,,,ML Submitted
WBDC_255,inv,exome capture,intr,125,SAMN09231948,SRP148604,PRJNA472251,SRR7192275,SRX4108899,SRS3324544,,,,ML Submitted
WBDC_257,inv,exome capture,wild,125,SAMN09231949,SRP148604,PRJNA472251,SRR7192274,SRX4108900,SRS3324545,,,,ML Submitted
WBDC_260,inv,exome capture,wild,125,SAMN09231950,SRP148604,PRJNA472251,SRR7192273,SRX4108901,SRS3324546,,,,ML Submitted
WBDC_265,inv,exome capture,wild,125,SAMN09231951,SRP148604,PRJNA472251,SRR7192272,SRX4108902,SRS3324547,,,,ML Submitted
WBDC_268,inv,exome capture,wild,125,SAMN09231952,SRP148604,PRJNA472251,SRR7192339,SRX4108835,SRS3324484,,,,ML Submitted
WBDC_269,inv,exome capture,wild,125,SAMN09231953,SRP148604,PRJNA472251,SRR7192341,SRX4108833,SRS3324492,,,,ML Submitted
WBDC_274,inv,exome capture,wild,125,SAMN09231954,SRP148604,PRJNA472251,SRR7192277,SRX4108897,SRS3324562,,,,ML Submitted
WBDC_285,inv,exome capture,wild,125,SAMN09231955,SRP148604,PRJNA472251,SRR7192276,SRX4108898,SRS3324543,,,,ML Submitted
WBDC_286,inv,exome capture,wild,125,SAMN09231956,SRP148604,PRJNA472251,SRR7192289,SRX4108885,SRS3324531,,,,ML Submitted
WBDC_292,inv/nice,exome capture,intr,100,SAMN04324158,SRP067634,PRJNA305578,SRR3037392,SRX1494014,SRS1214923,,https://doi.org/10.1534/genetics.116.190736,,ML Submitted
WBDC_297,inv,exome capture,wild,125,SAMN09231957,SRP148604,PRJNA472251,SRR7192288,SRX4108886,SRS3324532,,,,ML Submitted
WBDC_300,inv,exome capture,wild,125,SAMN09231958,SRP148604,PRJNA472251,SRR7192299,SRX4108875,SRS3324524,,,,ML Submitted
WBDC_302,inv/nice,exome capture,wild,100,SAMN04324159,SRP067634,PRJNA305578,SRR3037393,SRX1494015,SRS1214922,,https://doi.org/10.1534/genetics.116.190736,,ML Submitted
WBDC_315,inv,exome capture,wild,125,SAMN09231959,SRP148604,PRJNA472251,SRR7192302,SRX4108872,SRS3324521,,,,ML Submitted
WBDC_317,inv,exome capture,wild,125,SAMN09231960,SRP148604,PRJNA472251,SRR7192340,SRX4108834,SRS3324483,,,,ML Submitted
WBDC_318,inv,exome capture,wild,125,SAMN09231961,SRP148604,PRJNA472251,SRR7192336,SRX4108838,SRS3324487,,,,ML Submitted
WBDC_324,inv,exome capture,wild,125,SAMN09231962,SRP148604,PRJNA472251,SRR7192300,SRX4108874,SRS3324523,,,,ML Submitted
WBDC_326,inv,exome capture,wild,125,SAMN09231963,SRP148604,PRJNA472251,SRR7192303,SRX4108871,SRS3324520,,,,ML Submitted
WBDC_332,inv,exome capture,wild,125,SAMN09231964,SRP148604,PRJNA472251,SRR7192305,SRX4108869,SRS3324518,,,,ML Submitted
WBDC_333,inv,exome capture,wild,125,SAMN09231965,SRP148604,PRJNA472251,SRR7192310,SRX4108864,SRS3324513,,,,ML Submitted
WBDC_336,inv,exome capture,wild,125,SAMN04324160,SRP067634,PRJNA305578,SRR3037394,SRX1494016,SAMN04324160,duplicate,https://doi.org/10.1534/genetics.116.190736,,ML Submitted
WBDC_338,inv,exome capture,wild,125,SAMN09231967,SRP148604,PRJNA472251,SRR7192309,SRX4108865,SRS3324514,,,,ML Submitted
WBDC_340,inv/nice,exome capture,wild,100,SAMN04324161,SRP067634,PRJNA305578,SRR3037395,SRX1494017,SRS1214919,,https://doi.org/10.1534/genetics.116.190736,,ML Submitted
WBDC_348,inv/nice,exome capture,wild,100,SAMN04324162,SRP067634,PRJNA305578,SRR3037396,SRX1494018,SRS1214920,,https://doi.org/10.1534/genetics.116.190736,,ML Submitted
WBDC_350,inv/nice,exome capture,intr,100,SAMN04324163,SRP067634,PRJNA305578,SRR3037397,SRX1494019,SRS1214918,,https://doi.org/10.1534/genetics.116.190736,,ML Submitted